filename,person_id,series,tilt,pan
face_790.jpg,5,1,-15,30
face_2445.jpg,5,1,0,-75
face_2266.jpg,5,2,-15,-60
face_2713.jpg,5,2,0,-90
face_2016.jpg,5,2,15,-75
face_2522.jpg,5,1,30,60
face_1254.jpg,5,2,15,-15
face_2754.jpg,5,1,15,-45
face_201.jpg,5,2,30,-90
face_931.jpg,5,1,15,-30
face_260.jpg,5,1,-15,90
face_136.jpg,5,2,-60,15
face_2194.jpg,5,2,-30,15
face_1921.jpg,5,1,15,90
face_203.jpg,5,1,30,-15
face_1795.jpg,5,2,15,45
face_511.jpg,5,2,-60,-75
face_1906.jpg,5,1,0,15
face_1348.jpg,5,2,90,0
face_1324.jpg,5,1,-60,60
face_2216.jpg,5,1,30,30
face_1808.jpg,5,2,-30,30
face_1998.jpg,5,1,-15,0
face_2070.jpg,5,1,0,30
face_1603.jpg,5,2,60,-15
face_801.jpg,5,1,-15,60
face_2726.jpg,5,1,-60,-60
face_1883.jpg,5,2,-30,-15
face_173.jpg,5,1,60,75
face_1647.jpg,5,1,-30,-45
face_2593.jpg,5,2,30,-60
face_1389.jpg,5,2,-30,-75
face_1258.jpg,5,1,30,90
face_1689.jpg,5,2,15,15
face_1813.jpg,5,1,60,60
face_2193.jpg,5,2,60,30
face_1357.jpg,5,2,-60,90
face_2750.jpg,5,1,0,90
face_1218.jpg,5,2,-15,-90
face_756.jpg,5,2,30,75
face_213.jpg,5,1,-15,-75
face_946.jpg,5,1,15,-60
face_1277.jpg,5,1,30,45
face_2332.jpg,5,2,-60,-90
face_1047.jpg,5,2,-30,45
face_1548.jpg,5,2,15,-60
face_1238.jpg,5,2,-15,-75
face_119.jpg,5,1,-30,45
face_949.jpg,5,1,-60,-90
face_1394.jpg,5,2,30,45
face_1344.jpg,5,1,30,75
face_1717.jpg,5,1,0,-45
face_1293.jpg,5,1,-60,90
face_2129.jpg,5,1,-15,-90
face_469.jpg,5,2,30,90
face_215.jpg,5,1,60,30
face_191.jpg,5,1,15,15
face_1158.jpg,5,2,60,60
face_77.jpg,5,1,-30,-75
face_2256.jpg,5,1,30,-60
face_1360.jpg,5,2,-15,60
face_2159.jpg,5,2,-30,-45
face_2353.jpg,5,2,60,75
face_1855.jpg,5,1,-30,-15
face_1737.jpg,5,2,-60,-60
face_888.jpg,5,1,-30,30
face_2686.jpg,5,2,15,0
face_1081.jpg,5,2,30,30
face_2517.jpg,5,1,60,-15
face_840.jpg,5,2,0,-60
face_1549.jpg,5,2,-60,60
face_103.jpg,5,1,-90,0
face_831.jpg,5,1,-60,-75
face_1871.jpg,5,1,0,60
face_1310.jpg,5,2,-30,0
face_307.jpg,5,2,0,-15
face_13.jpg,5,1,15,45
face_68.jpg,5,2,30,-15
face_2014.jpg,5,1,-60,15
face_1447.jpg,5,2,-15,90
face_1570.jpg,5,2,15,-30
face_992.jpg,5,1,-30,15
face_317.jpg,5,2,15,90
face_2060.jpg,5,1,0,75
face_2376.jpg,5,1,30,-90
face_1766.jpg,5,2,30,60
face_2527.jpg,5,1,30,0
face_1459.jpg,5,2,15,-45
face_2059.jpg,5,1,15,-15
face_2749.jpg,5,1,0,-30
face_2745.jpg,5,1,15,-75
face_1819.jpg,5,1,-15,-60
face_1273.jpg,5,1,0,0
face_667.jpg,5,1,0,45
face_339.jpg,5,2,-60,0
face_2585.jpg,5,1,60,0
face_684.jpg,5,2,-15,30
face_1624.jpg,5,1,60,90
face_2618.jpg,5,2,-30,-90
face_1930.jpg,5,1,-15,-30
face_1614.jpg,5,2,0,75
face_2429.jpg,5,1,-30,0
face_865.jpg,5,2,60,15
face_894.jpg,5,2,0,60
face_1220.jpg,5,1,60,45
face_2587.jpg,5,2,15,30
face_1197.jpg,5,1,0,-15
face_91.jpg,5,2,15,-90
face_1203.jpg,5,2,60,0
face_544.jpg,5,1,-30,-60
face_1087.jpg,5,2,-30,-30
face_2073.jpg,5,1,-60,-15
face_814.jpg,5,1,-15,45
face_2364.jpg,5,1,-60,0
face_2240.jpg,5,2,0,45
face_231.jpg,5,2,30,-45
face_186.jpg,5,1,-30,75
face_2076.jpg,5,2,0,-30
face_2711.jpg,5,1,-60,45
face_1481.jpg,5,2,30,0
face_1515.jpg,5,2,-60,75
face_1404.jpg,5,1,-15,-45
face_2493.jpg,5,2,60,-60
face_2359.jpg,5,1,-60,-30
face_421.jpg,5,2,15,60
face_1558.jpg,5,1,30,-30
face_1241.jpg,5,2,0,-45
face_645.jpg,5,1,60,-75
face_883.jpg,5,1,60,-90
face_2232.jpg,5,2,60,-45
face_1909.jpg,5,2,-60,30
face_1350.jpg,5,2,-30,60
face_2192.jpg,5,2,-90,0
face_87.jpg,5,1,30,15
face_2419.jpg,5,2,0,0
face_869.jpg,5,1,15,0
face_1112.jpg,5,2,60,-30
face_2393.jpg,5,1,-15,-15
face_2741.jpg,5,1,0,-60
face_1483.jpg,5,2,30,-75
face_570.jpg,5,1,-60,-45
face_229.jpg,5,1,-15,15
face_1070.jpg,5,1,-30,90
face_850.jpg,5,1,15,75
face_2021.jpg,5,1,-15,75
face_359.jpg,5,2,15,75
face_439.jpg,5,2,-15,75
face_1629.jpg,5,1,30,-75
face_1627.jpg,5,2,-30,90
face_1208.jpg,5,2,-60,-45
face_2407.jpg,5,2,-15,15
face_543.jpg,5,2,30,15
face_2356.jpg,5,2,-15,0
face_2105.jpg,5,2,-15,-15
face_2458.jpg,5,2,0,30
face_293.jpg,5,1,60,-30
face_2101.jpg,5,1,60,-45
face_1243.jpg,5,1,-30,60
face_413.jpg,5,1,-60,30
face_2560.jpg,5,2,60,-75
face_924.jpg,5,2,60,-90
face_1507.jpg,5,2,0,90
face_481.jpg,5,2,30,-30
face_1962.jpg,5,1,15,60
face_2003.jpg,5,2,-60,-30
face_121.jpg,5,1,60,-60
face_2511.jpg,5,2,-15,-45
face_1670.jpg,5,1,-60,75
face_357.jpg,5,2,0,-75
face_104.jpg,5,2,-30,75
face_826.jpg,5,1,0,-90
face_2210.jpg,5,2,-60,45
face_632.jpg,5,1,30,-45
face_1445.jpg,5,1,-30,-30
face_1022.jpg,5,2,-30,-60
face_2273.jpg,5,2,-60,-15
face_1959.jpg,5,2,-15,45
face_1760.jpg,5,1,90,0
face_35.jpg,5,2,0,15
face_2586.jpg,5,2,60,45
face_326.jpg,5,1,15,30
face_2604.jpg,5,1,60,15
face_1868.jpg,5,1,15,-90
face_1699.jpg,5,2,-15,-30
face_839.jpg,5,1,-30,-90
face_1001.jpg,5,2,60,90
face_1830.jpg,4,1,60,75
face_2363.jpg,4,1,-30,-45
face_227.jpg,4,1,-60,-60
face_830.jpg,4,2,-30,-15
face_2679.jpg,4,1,-15,60
face_2507.jpg,4,2,-30,-75
face_365.jpg,4,2,30,-60
face_735.jpg,4,1,-60,60
face_50.jpg,4,2,-90,0
face_1847.jpg,4,1,0,-60
face_1976.jpg,4,2,60,-15
face_2696.jpg,4,1,15,0
face_316.jpg,4,1,30,30
face_798.jpg,4,2,-30,30
face_1645.jpg,4,2,30,75
face_2502.jpg,4,2,0,0
face_1985.jpg,4,2,-60,-90
face_920.jpg,4,1,30,45
face_57.jpg,4,2,-30,45
face_1762.jpg,4,1,15,-60
face_2013.jpg,4,1,-15,-75
face_2015.jpg,4,2,60,30
face_834.jpg,4,1,60,60
face_2160.jpg,4,2,15,15
face_386.jpg,4,1,30,90
face_1826.jpg,4,2,-15,-90
face_2743.jpg,4,2,0,-45
face_583.jpg,4,2,-60,90
face_300.jpg,4,2,15,-75
face_1794.jpg,4,2,-15,-60
face_692.jpg,4,2,0,-30
face_2552.jpg,4,1,15,-45
face_150.jpg,4,2,15,-15
face_2416.jpg,4,1,30,60
face_355.jpg,4,2,30,0
face_15.jpg,4,1,-15,30
face_812.jpg,4,2,60,0
face_2638.jpg,4,1,-60,0
face_802.jpg,4,2,0,45
face_2302.jpg,4,2,15,45
face_1804.jpg,4,1,0,-15
face_460.jpg,4,1,30,-15
face_672.jpg,4,2,0,60
face_1335.jpg,4,1,-30,0
face_2497.jpg,4,2,-60,-75
face_847.jpg,4,2,30,-90
face_199.jpg,4,2,0,75
face_2779.jpg,4,1,15,90
face_82.jpg,4,2,-30,15
face_2036.jpg,4,2,-60,15
face_868.jpg,4,1,15,-30
face_1298.jpg,4,1,-15,90
face_2069.jpg,4,2,15,90
face_2785.jpg,4,1,-30,15
face_1922.jpg,4,2,-15,90
face_1866.jpg,4,2,15,-30
face_1774.jpg,4,1,-60,15
face_2142.jpg,4,1,30,-90
face_2239.jpg,4,1,-60,-75
face_2665.jpg,4,2,0,15
face_2529.jpg,4,1,90,0
face_281.jpg,4,2,30,-15
face_1019.jpg,4,1,15,45
face_670.jpg,4,2,-15,30
face_1305.jpg,4,1,15,-15
face_2275.jpg,4,2,15,-45
face_1380.jpg,4,2,30,60
face_2656.jpg,4,1,0,-90
face_1337.jpg,4,1,-15,-60
face_73.jpg,4,1,15,-75
face_1511.jpg,4,2,0,-75
face_409.jpg,4,1,-15,-90
face_2736.jpg,4,1,-60,90
face_2747.jpg,4,2,0,90
face_2092.jpg,4,2,60,60
face_1309.jpg,4,1,15,15
face_961.jpg,4,1,60,30
face_587.jpg,4,2,30,90
face_1222.jpg,4,1,-30,45
face_44.jpg,4,2,30,45
face_1466.jpg,4,1,-60,-90
face_2093.jpg,4,2,-15,-75
face_449.jpg,4,2,15,-60
face_385.jpg,4,1,30,75
face_1497.jpg,4,1,60,-15
face_2320.jpg,4,2,0,30
face_2373.jpg,4,2,-15,0
face_1235.jpg,4,1,-30,30
face_2530.jpg,4,2,30,30
face_1980.jpg,4,2,-60,60
face_2047.jpg,4,1,30,-60
face_361.jpg,4,1,-30,-75
face_151.jpg,4,1,-30,-15
face_561.jpg,4,2,-60,-60
face_1992.jpg,4,2,-30,-45
face_2611.jpg,4,2,60,75
face_444.jpg,4,2,-15,60
face_265.jpg,4,1,60,-90
face_691.jpg,4,1,60,-75
face_1587.jpg,4,2,-60,30
face_2147.jpg,4,2,-30,60
face_843.jpg,4,2,60,-45
face_1281.jpg,4,1,30,-30
face_2433.jpg,4,1,-60,-30
face_118.jpg,4,2,15,60
face_877.jpg,4,1,0,90
face_1067.jpg,4,1,-15,15
face_1787.jpg,4,1,-60,-45
face_2737.jpg,4,1,-30,90
face_1475.jpg,4,2,30,-75
face_2444.jpg,4,1,-15,75
face_705.jpg,4,1,15,75
face_876.jpg,4,1,-15,-15
face_2258.jpg,4,1,0,30
face_954.jpg,4,1,-15,0
face_1141.jpg,4,2,60,-30
face_1966.jpg,4,1,30,15
face_787.jpg,4,2,15,-90
face_205.jpg,4,2,15,30
face_1320.jpg,4,1,60,45
face_2424.jpg,4,2,60,15
face_2441.jpg,4,2,90,0
face_2698.jpg,4,1,0,15
face_24.jpg,4,1,60,90
face_2179.jpg,4,2,-30,-90
face_250.jpg,4,1,-15,-30
face_2121.jpg,4,2,0,-90
face_791.jpg,4,1,-60,45
face_1231.jpg,4,1,0,-75
face_278.jpg,4,1,-30,75
face_766.jpg,4,2,60,-60
face_2503.jpg,4,2,-60,75
face_673.jpg,4,1,-15,-45
face_322.jpg,4,1,-15,45
face_758.jpg,4,1,-60,-15
face_1242.jpg,4,2,-30,-30
face_2524.jpg,4,1,-30,-60
face_2732.jpg,4,2,30,-45
face_1861.jpg,4,1,0,45
face_658.jpg,4,2,-60,0
face_764.jpg,4,1,30,-45
face_650.jpg,4,2,-15,45
face_911.jpg,4,2,-60,-15
face_1439.jpg,4,2,-30,-60
face_816.jpg,4,1,60,0
face_1779.jpg,4,1,-30,-30
face_2676.jpg,4,2,-15,-45
face_1537.jpg,4,1,-60,75
face_2233.jpg,4,1,60,-60
face_403.jpg,4,1,30,0
face_708.jpg,4,2,-60,45
face_2498.jpg,4,1,0,-30
face_1363.jpg,4,2,-30,75
face_1414.jpg,4,1,0,75
face_2463.jpg,4,2,-15,-30
face_2386.jpg,4,1,-30,-90
face_906.jpg,4,2,60,90
face_1331.jpg,4,1,0,0
face_665.jpg,4,1,15,-90
face_1761.jpg,4,2,0,-15
face_1029.jpg,4,1,60,15
face_1441.jpg,4,2,-30,0
face_2098.jpg,4,1,15,30
face_1041.jpg,4,1,0,60
face_988.jpg,4,2,60,45
face_2764.jpg,4,2,0,-60
face_716.jpg,4,1,60,-30
face_1058.jpg,4,2,-15,-15
face_113.jpg,4,2,15,0
face_578.jpg,4,2,30,15
face_261.jpg,4,1,-90,0
face_1541.jpg,4,2,-15,75
face_1732.jpg,4,2,15,75
face_1786.jpg,4,2,-30,90
face_74.jpg,4,2,-15,15
face_42.jpg,4,2,-60,-45
face_2645.jpg,4,1,30,-75
face_2231.jpg,4,1,0,-45
face_2543.jpg,4,1,15,60
face_487.jpg,4,2,-60,-30
face_2479.jpg,4,2,30,-30
face_2601.jpg,4,1,-30,60
face_1100.jpg,4,1,-60,30
face_2283.jpg,4,1,60,-45
face_749.jpg,4,2,60,-90
face_345.jpg,4,2,60,-75
face_2034.jpg,3,2,-30,-15
face_1432.jpg,3,2,-30,-75
face_1697.jpg,3,2,30,-60
face_1613.jpg,3,2,-30,30
face_1812.jpg,3,2,60,-15
face_2340.jpg,3,2,0,-60
face_760.jpg,3,2,30,75
face_2155.jpg,3,2,15,0
face_2221.jpg,3,2,-60,-90
face_2012.jpg,3,2,-30,45
face_747.jpg,3,2,60,30
face_396.jpg,3,2,15,15
face_1009.jpg,3,2,-60,90
face_1829.jpg,3,2,-15,-90
face_2769.jpg,3,2,15,-75
face_2271.jpg,3,2,-15,-60
face_478.jpg,3,2,15,-15
face_1984.jpg,3,2,0,-15
face_1021.jpg,3,2,-30,0
face_2554.jpg,3,2,15,45
face_336.jpg,3,2,-60,0
face_276.jpg,3,2,-60,-75
face_310.jpg,3,2,30,-90
face_206.jpg,3,2,-60,15
face_40.jpg,3,2,-30,15
face_2311.jpg,3,2,-15,90
face_2352.jpg,3,2,15,-30
face_2672.jpg,3,2,0,-90
face_2751.jpg,3,2,15,90
face_2690.jpg,3,2,30,-15
face_1932.jpg,3,2,-15,30
face_1550.jpg,3,2,90,0
face_1886.jpg,3,2,30,60
face_1455.jpg,3,2,15,-45
face_2658.jpg,3,2,30,90
face_1358.jpg,3,2,60,60
face_1005.jpg,3,2,-15,-75
face_49.jpg,3,2,15,-60
face_2289.jpg,3,2,30,45
face_2167.jpg,3,2,0,0
face_2315.jpg,3,2,30,30
face_351.jpg,3,2,-60,60
face_2762.jpg,3,2,-15,60
face_2308.jpg,3,2,-60,-60
face_2733.jpg,3,2,-30,-45
face_2668.jpg,3,2,60,75
face_202.jpg,3,2,-15,0
face_2249.jpg,3,2,0,30
face_1622.jpg,3,2,60,-45
face_2141.jpg,3,2,-60,30
face_115.jpg,3,2,-30,60
face_710.jpg,3,2,15,60
face_1234.jpg,3,2,30,-75
face_402.jpg,3,2,0,90
face_2187.jpg,3,2,60,-30
face_418.jpg,3,2,15,30
face_259.jpg,3,2,60,15
face_1266.jpg,3,2,15,-90
face_2032.jpg,3,2,-30,-90
face_1642.jpg,3,2,0,-75
face_2046.jpg,3,2,60,-60
face_728.jpg,3,2,-60,75
face_1206.jpg,3,2,-30,-30
face_234.jpg,3,2,0,15
face_114.jpg,3,2,30,-45
face_1437.jpg,3,2,0,60
face_2284.jpg,3,2,-30,-60
face_368.jpg,3,2,-15,45
face_2440.jpg,3,2,-60,-15
face_1288.jpg,3,2,-15,-45
face_731.jpg,3,2,-30,75
face_380.jpg,3,2,0,75
face_2297.jpg,3,2,-60,45
face_795.jpg,3,2,-15,-30
face_1462.jpg,3,2,0,-30
face_1666.jpg,3,2,60,90
face_969.jpg,3,2,30,0
face_1628.jpg,3,2,60,0
face_1125.jpg,3,2,60,45
face_1736.jpg,3,2,0,45
face_348.jpg,3,2,30,15
face_2605.jpg,3,2,-15,-15
face_2381.jpg,3,2,15,75
face_963.jpg,3,2,-15,75
face_2.jpg,3,2,0,-45
face_1061.jpg,3,2,-30,90
face_248.jpg,3,2,-15,15
face_1914.jpg,3,2,-60,-45
face_1880.jpg,3,2,-60,-30
face_800.jpg,3,2,30,-30
face_2091.jpg,3,2,-90,0
face_1780.jpg,3,2,60,-75
face_48.jpg,3,2,60,-90
face_529.jpg,10,2,15,-75
face_442.jpg,10,1,0,15
face_1675.jpg,10,2,-15,-60
face_2752.jpg,10,2,90,0
face_2137.jpg,10,1,15,-45
face_567.jpg,10,2,15,-15
face_162.jpg,10,1,30,60
face_240.jpg,10,1,-15,30
face_1031.jpg,10,2,15,45
face_303.jpg,10,1,30,-15
face_1599.jpg,10,1,0,-75
face_607.jpg,10,2,-60,-75
face_1792.jpg,10,2,0,-90
face_2124.jpg,10,2,30,-90
face_407.jpg,10,2,-30,15
face_89.jpg,10,1,15,90
face_2646.jpg,10,2,-60,15
face_891.jpg,10,1,-15,90
face_1232.jpg,10,1,15,-30
face_190.jpg,10,1,-30,-45
face_2403.jpg,10,1,60,75
face_1333.jpg,10,2,-30,-15
face_2757.jpg,10,1,-60,-60
face_1246.jpg,10,1,-15,60
face_1688.jpg,10,2,-30,-75
face_2504.jpg,10,2,30,-60
face_522.jpg,10,1,0,90
face_416.jpg,10,1,-60,60
face_1256.jpg,10,2,60,-15
face_597.jpg,10,2,-30,30
face_1724.jpg,10,1,30,30
face_2090.jpg,10,2,30,75
face_172.jpg,10,2,-30,45
face_2204.jpg,10,1,30,45
face_1692.jpg,10,2,-60,-90
face_2547.jpg,10,1,15,-60
face_1649.jpg,10,1,-15,-75
face_2715.jpg,10,2,60,30
face_549.jpg,10,2,15,15
face_956.jpg,10,1,60,60
face_696.jpg,10,1,0,30
face_437.jpg,10,1,-15,0
face_1463.jpg,10,1,30,90
face_1678.jpg,10,2,0,0
face_2653.jpg,10,2,-15,-90
face_331.jpg,10,2,-60,90
face_2057.jpg,10,1,-90,0
face_379.jpg,10,1,-15,-90
face_1750.jpg,10,1,-60,90
face_2039.jpg,10,1,15,15
face_1119.jpg,10,2,60,60
face_2673.jpg,10,2,15,0
face_344.jpg,10,1,60,30
face_472.jpg,10,2,30,90
face_1124.jpg,10,2,0,-60
face_603.jpg,10,1,-60,-90
face_2292.jpg,10,2,30,45
face_134.jpg,10,1,-30,45
face_1885.jpg,10,2,-15,-75
face_1078.jpg,10,2,15,-60
face_1899.jpg,10,1,30,75
face_762.jpg,10,1,60,-15
face_572.jpg,10,2,30,30
face_2477.jpg,10,1,-30,30
face_492.jpg,10,1,0,-45
face_1053.jpg,10,2,-60,60
face_1658.jpg,10,1,30,-60
face_1420.jpg,10,1,-30,-75
face_2578.jpg,10,2,-60,-60
face_1726.jpg,10,1,-30,-15
face_1797.jpg,10,2,60,75
face_64.jpg,10,2,-30,-45
face_208.jpg,10,2,-15,60
face_3.jpg,10,1,-30,15
face_1715.jpg,10,2,15,90
face_613.jpg,10,1,60,0
face_2771.jpg,10,2,15,-30
face_2756.jpg,10,2,-15,90
face_120.jpg,10,1,-60,15
face_1214.jpg,10,1,30,-90
face_373.jpg,10,2,-60,0
face_732.jpg,10,1,0,45
face_223.jpg,10,1,0,-30
face_962.jpg,10,1,-60,-75
face_2408.jpg,10,1,30,0
face_1134.jpg,10,2,30,-15
face_1867.jpg,10,1,15,45
face_1354.jpg,10,2,-15,30
face_1626.jpg,10,1,0,75
face_929.jpg,10,1,0,60
face_655.jpg,10,1,15,-15
face_717.jpg,10,2,-30,0
face_2678.jpg,10,2,15,-45
face_833.jpg,10,2,0,-15
face_244.jpg,10,2,30,60
face_1862.jpg,10,1,-15,-60
face_1815.jpg,10,1,15,-75
face_1082.jpg,10,2,15,-90
face_2436.jpg,10,2,30,0
face_360.jpg,10,1,60,45
face_1486.jpg,10,2,15,30
face_996.jpg,10,2,60,15
face_480.jpg,10,2,0,-30
face_2708.jpg,10,2,0,45
face_864.jpg,10,1,-60,0
face_1478.jpg,10,1,60,90
face_16.jpg,10,2,60,0
face_1547.jpg,10,1,-15,-30
face_838.jpg,10,2,-30,-90
face_1618.jpg,10,1,-60,45
face_1364.jpg,10,1,-30,75
face_1818.jpg,10,1,-30,0
face_1239.jpg,10,2,60,-60
face_837.jpg,10,2,0,60
face_2044.jpg,10,1,-15,-45
face_1032.jpg,10,2,-60,75
face_1555.jpg,10,1,0,-15
face_707.jpg,10,1,-60,-15
face_254.jpg,10,1,-15,45
face_257.jpg,10,2,-30,-30
face_498.jpg,10,2,0,75
face_981.jpg,10,1,-30,-60
face_686.jpg,10,2,30,-45
face_948.jpg,10,1,60,-90
face_967.jpg,10,1,60,-75
face_2170.jpg,10,2,-30,60
face_1924.jpg,10,2,-60,30
face_638.jpg,10,2,60,-45
face_1616.jpg,10,1,15,0
face_2130.jpg,10,1,30,-30
face_1509.jpg,10,1,0,-60
face_1118.jpg,10,2,15,60
face_430.jpg,10,1,-60,-30
face_1708.jpg,10,2,-90,0
face_2580.jpg,10,1,-30,90
face_271.jpg,10,1,-60,-45
face_1044.jpg,10,1,-15,15
face_1746.jpg,10,2,30,-75
face_554.jpg,10,1,-15,75
face_1130.jpg,10,1,15,75
face_509.jpg,10,2,0,-45
face_2735.jpg,10,1,-15,-15
face_1275.jpg,10,2,60,-30
face_428.jpg,10,1,30,15
face_1545.jpg,10,1,60,-30
face_1174.jpg,10,2,-15,-15
face_559.jpg,10,2,30,15
face_1667.jpg,10,2,0,90
face_1487.jpg,10,2,-15,75
face_2080.jpg,10,2,15,75
face_1994.jpg,10,2,-60,-45
face_2625.jpg,10,2,-15,15
face_1051.jpg,10,2,-30,90
face_2460.jpg,10,1,30,-75
face_1730.jpg,10,2,-60,-30
face_777.jpg,10,2,0,30
face_1177.jpg,10,1,15,60
face_726.jpg,10,2,-15,0
face_116.jpg,10,2,30,-30
face_166.jpg,10,1,-60,30
face_741.jpg,10,1,-30,60
face_1902.jpg,10,1,60,-45
face_1422.jpg,10,2,60,-90
face_1925.jpg,10,2,60,-75
face_2002.jpg,10,1,30,-45
face_20.jpg,10,2,-60,-15
face_2110.jpg,10,2,-15,45
face_1931.jpg,10,2,-30,-60
face_1375.jpg,10,1,-30,-30
face_2426.jpg,10,1,-60,75
face_1773.jpg,10,2,-15,-45
face_2632.jpg,10,1,60,-60
face_886.jpg,10,2,-60,45
face_2248.jpg,10,1,90,0
face_381.jpg,10,2,0,15
face_975.jpg,10,2,-30,75
face_363.jpg,10,1,-30,-90
face_1640.jpg,10,2,-15,-30
face_1339.jpg,10,1,0,0
face_2213.jpg,10,2,60,90
face_612.jpg,10,2,0,-75
face_100.jpg,10,1,0,-90
face_2546.jpg,10,1,15,-90
face_2643.jpg,10,1,60,15
face_720.jpg,10,2,60,45
face_2074.jpg,10,1,15,30
face_1160.jpg,11,1,-60,60
face_142.jpg,11,2,0,-45
face_2173.jpg,11,2,-30,30
face_950.jpg,11,1,30,30
face_2072.jpg,11,2,60,-15
face_1735.jpg,11,1,-15,60
face_1669.jpg,11,2,-30,-15
face_541.jpg,11,1,-60,-60
face_453.jpg,11,1,-30,-45
face_182.jpg,11,1,60,75
face_2722.jpg,11,2,30,-60
face_2637.jpg,11,2,-30,-75
face_676.jpg,11,1,30,90
face_742.jpg,11,1,0,-60
face_2178.jpg,11,1,60,60
face_19.jpg,11,1,15,0
face_2475.jpg,11,2,15,15
face_2293.jpg,11,2,60,30
face_884.jpg,11,2,-60,90
face_468.jpg,11,2,-15,-90
face_994.jpg,11,2,-90,0
face_773.jpg,11,2,30,75
face_1742.jpg,11,1,-15,-75
face_1080.jpg,11,1,15,-60
face_861.jpg,11,2,-30,45
face_1405.jpg,11,2,-60,-90
face_2348.jpg,11,1,30,45
face_132.jpg,11,1,-15,30
face_448.jpg,11,2,0,75
face_1806.jpg,11,2,-15,-60
face_1684.jpg,11,2,15,-75
face_2263.jpg,11,1,0,-15
face_2145.jpg,11,1,30,60
face_2490.jpg,11,2,15,-15
face_2607.jpg,11,2,0,60
face_523.jpg,11,1,-30,0
face_1978.jpg,11,1,15,-45
face_2214.jpg,11,2,0,45
face_1216.jpg,11,1,-60,0
face_2299.jpg,11,2,30,-90
face_1101.jpg,11,1,-15,90
face_2086.jpg,11,1,15,-30
face_1596.jpg,11,2,-60,15
face_471.jpg,11,1,15,90
face_2030.jpg,11,2,-30,15
face_1143.jpg,11,2,60,0
face_1366.jpg,11,1,30,-15
face_813.jpg,11,2,30,0
face_2065.jpg,11,2,15,45
face_2689.jpg,11,2,-60,-75
face_1491.jpg,11,2,0,-30
face_507.jpg,11,1,0,-90
face_76.jpg,11,1,-60,-75
face_609.jpg,11,2,0,-75
face_1494.jpg,11,1,15,45
face_2788.jpg,11,2,30,-15
face_852.jpg,11,1,-60,15
face_2650.jpg,11,2,15,-30
face_1527.jpg,11,2,-15,90
face_1625.jpg,11,2,15,90
face_521.jpg,11,1,-30,15
face_827.jpg,11,1,30,-90
face_2537.jpg,11,2,30,60
face_1919.jpg,11,1,0,0
face_1425.jpg,11,2,15,-45
face_233.jpg,11,1,15,-15
face_1704.jpg,11,1,15,-75
face_1556.jpg,11,2,0,15
face_1261.jpg,11,1,90,0
face_1202.jpg,11,1,-15,-60
face_287.jpg,11,2,-15,30
face_2229.jpg,11,2,15,-60
face_1137.jpg,11,2,-15,-75
face_1356.jpg,11,2,30,45
face_1893.jpg,11,1,-60,-90
face_859.jpg,11,1,-30,45
face_2660.jpg,11,1,30,75
face_2152.jpg,11,1,-60,90
face_2237.jpg,11,1,-15,-90
face_1981.jpg,11,2,-15,0
face_1833.jpg,11,2,30,90
face_2501.jpg,11,2,0,30
face_1253.jpg,11,1,60,30
face_2492.jpg,11,2,60,60
face_2489.jpg,11,1,15,15
face_194.jpg,11,1,-30,-75
face_1213.jpg,11,1,30,-60
face_95.jpg,11,2,-15,60
face_832.jpg,11,2,60,75
face_2269.jpg,11,2,-30,-45
face_2220.jpg,11,2,-60,-60
face_408.jpg,11,1,-30,-15
face_2466.jpg,11,2,30,30
face_1154.jpg,11,1,-30,30
face_1950.jpg,11,1,60,-15
face_424.jpg,11,2,-60,60
face_1802.jpg,11,2,0,90
face_1860.jpg,11,2,15,60
face_432.jpg,11,1,-60,-30
face_241.jpg,11,1,-15,0
face_586.jpg,11,1,30,-30
face_2484.jpg,11,1,0,30
face_2474.jpg,11,1,60,-75
face_1709.jpg,11,1,60,-90
face_628.jpg,11,2,60,-45
face_761.jpg,11,2,-30,60
face_1881.jpg,11,2,-60,30
face_2005.jpg,11,1,0,90
face_12.jpg,11,1,30,15
face_212.jpg,11,2,60,-30
face_892.jpg,11,1,-15,-15
face_1323.jpg,11,2,30,-75
face_2418.jpg,11,1,-30,90
face_593.jpg,11,1,-15,15
face_1039.jpg,11,1,-60,-45
face_364.jpg,11,1,15,75
face_1365.jpg,11,1,-15,75
face_1791.jpg,11,2,0,0
face_2095.jpg,11,1,60,90
face_943.jpg,11,1,-15,-30
face_335.jpg,11,2,-30,-90
face_1901.jpg,11,2,60,15
face_391.jpg,11,2,15,30
face_434.jpg,11,1,60,45
face_1887.jpg,11,2,15,-90
face_127.jpg,11,2,0,-90
face_1157.jpg,11,1,0,-75
face_1740.jpg,11,1,-30,-60
face_1727.jpg,11,2,-30,-30
face_1129.jpg,11,1,-15,45
face_99.jpg,11,1,-60,-15
face_177.jpg,11,2,30,-45
face_1307.jpg,11,1,-30,75
face_2245.jpg,11,2,90,0
face_1828.jpg,11,1,-60,45
face_384.jpg,11,1,0,15
face_246.jpg,11,1,-15,-45
face_323.jpg,11,2,-60,75
face_2454.jpg,11,2,60,-60
face_634.jpg,11,2,0,-15
face_2222.jpg,11,1,60,-60
face_2337.jpg,11,2,-30,0
face_1686.jpg,11,1,-60,75
face_183.jpg,11,2,-15,-45
face_1033.jpg,11,1,0,60
face_1321.jpg,11,2,-30,75
face_262.jpg,11,2,-60,45
face_291.jpg,11,1,30,-45
face_1289.jpg,11,1,-30,-30
face_941.jpg,11,1,0,75
face_1042.jpg,11,2,-30,-60
face_1781.jpg,11,2,-15,45
face_2212.jpg,11,2,-60,-15
face_2616.jpg,11,1,0,-30
face_1180.jpg,11,1,15,30
face_534.jpg,11,2,60,45
face_1576.jpg,11,1,60,15
face_1573.jpg,11,1,15,-90
face_568.jpg,11,1,30,0
face_1758.jpg,11,1,-30,-90
face_1270.jpg,11,2,-15,-30
face_1713.jpg,11,1,60,0
face_2107.jpg,11,2,60,90
face_2347.jpg,11,2,-60,0
face_1353.jpg,11,1,0,45
face_1148.jpg,11,2,15,75
face_1448.jpg,11,2,-15,75
face_2357.jpg,11,1,30,-75
face_2319.jpg,11,2,-15,15
face_2064.jpg,11,2,-60,-45
face_919.jpg,11,2,-30,90
face_594.jpg,11,2,30,15
face_2067.jpg,11,2,-15,-15
face_1301.jpg,11,1,60,-30
face_2510.jpg,11,1,0,-45
face_2739.jpg,11,1,60,-45
face_1060.jpg,11,1,-60,30
face_2753.jpg,11,1,-30,60
face_93.jpg,11,2,60,-75
face_599.jpg,11,2,60,-90
face_129.jpg,11,1,-90,0
face_1377.jpg,11,2,0,-60
face_836.jpg,11,2,30,-30
face_1023.jpg,11,2,-60,-30
face_2464.jpg,11,1,15,60
face_235.jpg,11,2,15,0
face_427.jpg,8,2,30,0
face_319.jpg,8,2,-15,30
face_1240.jpg,8,2,0,-30
face_1421.jpg,8,2,30,60
face_1075.jpg,8,1,15,-15
face_959.jpg,8,2,0,45
face_1489.jpg,8,1,-60,0
face_1457.jpg,8,2,15,-45
face_679.jpg,8,1,-15,-60
face_2748.jpg,8,2,60,0
face_1046.jpg,8,1,15,-75
face_2144.jpg,8,2,15,-30
face_623.jpg,8,2,-15,90
face_491.jpg,8,1,-60,15
face_2358.jpg,8,2,15,90
face_1436.jpg,8,1,-30,15
face_973.jpg,8,1,0,-15
face_1609.jpg,8,1,30,-90
face_2629.jpg,8,1,-30,0
face_2316.jpg,8,2,0,60
face_882.jpg,8,2,0,75
face_125.jpg,8,1,-60,-75
face_775.jpg,8,2,30,-15
face_1635.jpg,8,1,15,45
face_1723.jpg,8,2,30,30
face_1913.jpg,8,1,-30,30
face_1048.jpg,8,1,60,-15
face_2718.jpg,8,2,-60,60
face_429.jpg,8,1,0,-60
face_1064.jpg,8,1,15,0
face_2623.jpg,8,1,30,-60
face_2383.jpg,8,1,-30,-75
face_1172.jpg,8,2,-15,60
face_1916.jpg,8,2,-60,-60
face_2671.jpg,8,1,-30,-15
face_2094.jpg,8,2,60,75
face_2230.jpg,8,2,-90,0
face_1778.jpg,8,2,-30,-45
face_1668.jpg,8,1,-60,90
face_997.jpg,8,1,-15,-90
face_1127.jpg,8,2,30,90
face_893.jpg,8,2,60,60
face_581.jpg,8,1,15,15
face_1854.jpg,8,1,60,30
face_2301.jpg,8,2,-15,-75
face_1836.jpg,8,2,15,-60
face_1691.jpg,8,1,-60,-90
face_1371.jpg,8,2,30,45
face_189.jpg,8,1,-30,45
face_1842.jpg,8,2,0,-45
face_1532.jpg,8,1,30,75
face_2520.jpg,8,2,30,75
face_1839.jpg,8,1,15,-60
face_311.jpg,8,1,-15,-75
face_993.jpg,8,2,-30,45
face_332.jpg,8,1,30,45
face_1250.jpg,8,2,-60,-90
face_1016.jpg,8,2,0,90
face_642.jpg,8,1,30,90
face_474.jpg,8,2,60,30
face_2131.jpg,8,1,60,60
face_1098.jpg,8,2,15,15
face_535.jpg,8,2,-60,90
face_978.jpg,8,2,-15,-90
face_390.jpg,8,1,-15,60
face_2422.jpg,8,1,-30,-45
face_2282.jpg,8,1,60,75
face_2322.jpg,8,2,-30,-15
face_275.jpg,8,1,-60,-60
face_2228.jpg,8,2,-15,0
face_2682.jpg,8,2,0,30
face_2644.jpg,8,2,-30,-75
face_2617.jpg,8,2,30,-60
face_2482.jpg,8,1,-60,60
face_1006.jpg,8,2,-30,30
face_2111.jpg,8,1,30,30
face_1777.jpg,8,2,60,-15
face_1341.jpg,8,2,15,45
face_890.jpg,8,1,30,-15
face_236.jpg,8,2,-60,-75
face_2252.jpg,8,2,30,-90
face_1562.jpg,8,2,-60,15
face_2208.jpg,8,1,-15,90
face_918.jpg,8,1,15,-30
face_2054.jpg,8,1,90,0
face_2534.jpg,8,1,0,0
face_2126.jpg,8,2,0,15
face_2687.jpg,8,1,15,90
face_1182.jpg,8,2,-30,15
face_1184.jpg,8,2,15,-75
face_2514.jpg,8,2,-15,-60
face_1593.jpg,8,1,30,60
face_904.jpg,8,1,15,-45
face_1416.jpg,8,2,15,-15
face_555.jpg,8,1,0,-90
face_2516.jpg,8,1,-15,30
face_251.jpg,8,2,0,-75
face_2009.jpg,8,1,-30,-90
face_1.jpg,8,2,-15,-30
face_1967.jpg,8,1,0,15
face_2651.jpg,8,2,90,0
face_1426.jpg,8,2,60,90
face_2394.jpg,8,1,60,15
face_1782.jpg,8,1,15,30
face_1991.jpg,8,2,60,45
face_945.jpg,8,1,15,-90
face_267.jpg,8,1,30,-45
face_1512.jpg,8,2,-30,-60
face_631.jpg,8,2,0,-90
face_2523.jpg,8,1,-30,-30
face_2775.jpg,8,2,-15,45
face_1198.jpg,8,2,-60,-15
face_1872.jpg,8,1,0,-75
face_794.jpg,8,1,-60,75
face_964.jpg,8,2,-15,-45
face_622.jpg,8,1,60,-60
face_755.jpg,8,2,-30,75
face_1665.jpg,8,2,-60,45
face_1268.jpg,8,2,0,0
face_1126.jpg,8,2,-60,-30
face_1443.jpg,8,1,15,60
face_70.jpg,8,2,30,-30
face_675.jpg,8,1,60,-45
face_1619.jpg,8,1,-60,30
face_1910.jpg,8,1,-30,60
face_1671.jpg,8,1,0,90
face_1544.jpg,8,2,60,-75
face_2278.jpg,8,2,60,-90
face_984.jpg,8,2,30,15
face_1319.jpg,8,1,60,-30
face_976.jpg,8,2,-15,-15
face_1741.jpg,8,2,15,75
face_2412.jpg,8,1,-15,0
face_879.jpg,8,1,0,30
face_863.jpg,8,2,-15,75
face_1210.jpg,8,1,30,-75
face_2597.jpg,8,2,-15,15
face_1503.jpg,8,2,-60,-45
face_1181.jpg,8,2,-30,90
face_1219.jpg,8,2,30,-75
face_745.jpg,8,1,-30,90
face_1002.jpg,8,1,-15,15
face_627.jpg,8,1,-60,-45
face_1681.jpg,8,1,-90,0
face_1257.jpg,8,2,0,-60
face_2480.jpg,8,1,15,75
face_2486.jpg,8,2,15,0
face_695.jpg,8,1,-15,75
face_112.jpg,8,1,30,15
face_26.jpg,8,1,-15,-15
face_2088.jpg,8,2,60,-30
face_78.jpg,8,1,60,-75
face_1230.jpg,8,1,60,-90
face_902.jpg,8,2,60,-45
face_417.jpg,8,2,-30,60
face_2505.jpg,8,1,0,-45
face_1518.jpg,8,2,-60,30
face_712.jpg,8,1,30,-30
face_1656.jpg,8,2,15,60
face_1602.jpg,8,1,-60,-30
face_65.jpg,8,1,-30,75
face_2362.jpg,8,1,60,0
face_674.jpg,8,1,-60,45
face_1450.jpg,8,2,-60,0
face_1369.jpg,8,1,0,45
face_75.jpg,8,2,60,-60
face_2368.jpg,8,1,-15,-45
face_433.jpg,8,2,-60,75
face_2188.jpg,8,2,-30,-30
face_505.jpg,8,1,-30,-60
face_1519.jpg,8,1,0,-30
face_436.jpg,8,1,-15,45
face_225.jpg,8,1,-60,-15
face_1226.jpg,8,2,30,-45
face_746.jpg,8,1,30,0
face_200.jpg,8,2,15,30
face_823.jpg,8,1,60,45
face_1168.jpg,8,2,60,15
face_1476.jpg,8,2,15,-90
face_1942.jpg,8,1,0,75
face_2236.jpg,8,1,60,90
face_953.jpg,8,2,0,-15
face_619.jpg,8,1,0,60
face_2409.jpg,8,2,-30,0
face_1074.jpg,8,1,-15,-30
face_342.jpg,8,2,-30,-90
face_2399.jpg,6,1,60,0
face_671.jpg,6,2,-60,0
face_709.jpg,6,1,0,45
face_693.jpg,6,2,30,15
face_2662.jpg,6,2,-15,-15
face_2582.jpg,6,1,60,-30
face_1169.jpg,6,1,0,-30
face_779.jpg,6,1,30,-75
face_913.jpg,6,2,-30,90
face_1915.jpg,6,2,-15,15
face_1387.jpg,6,2,-60,-45
face_2411.jpg,6,2,15,75
face_1149.jpg,6,1,30,0
face_1492.jpg,6,2,-15,75
face_2051.jpg,6,2,30,-30
face_2385.jpg,6,1,15,60
face_2395.jpg,6,2,-60,-30
face_2185.jpg,6,1,0,75
face_2639.jpg,6,2,60,-75
face_2562.jpg,6,2,-30,0
face_680.jpg,6,1,0,60
face_1179.jpg,6,2,60,-90
face_1539.jpg,6,2,0,-15
face_209.jpg,6,1,60,-45
face_1131.jpg,6,1,-30,60
face_1114.jpg,6,1,-60,30
face_1889.jpg,6,1,-30,-30
face_1989.jpg,6,2,-30,-60
face_2588.jpg,6,1,-90,0
face_314.jpg,6,2,-15,45
face_2330.jpg,6,2,-60,-15
face_1453.jpg,6,1,30,-45
face_1954.jpg,6,2,15,0
face_377.jpg,6,2,0,-60
face_842.jpg,6,2,-30,75
face_2267.jpg,6,2,-60,45
face_1025.jpg,6,1,60,-60
face_2274.jpg,6,2,-15,-45
face_2448.jpg,6,1,-60,75
face_90.jpg,6,2,60,90
face_811.jpg,6,2,-15,-30
face_1821.jpg,6,1,-30,-90
face_1995.jpg,6,1,0,-45
face_940.jpg,6,1,15,30
face_325.jpg,6,2,60,45
face_1379.jpg,6,1,60,15
face_1413.jpg,6,1,15,-90
face_1165.jpg,6,2,60,15
face_1690.jpg,6,2,15,30
face_2250.jpg,6,1,60,45
face_313.jpg,6,2,15,-90
face_301.jpg,6,2,-30,-90
face_1117.jpg,6,1,0,90
face_1015.jpg,6,1,-15,-30
face_2740.jpg,6,1,60,90
face_2535.jpg,6,2,-60,75
face_2723.jpg,6,1,-15,-45
face_575.jpg,6,2,60,-60
face_2396.jpg,6,1,-30,75
face_1378.jpg,6,1,-60,45
face_411.jpg,6,2,0,0
face_2659.jpg,6,2,30,-45
face_32.jpg,6,1,-15,0
face_2446.jpg,6,1,0,30
face_375.jpg,6,1,-30,-60
face_2309.jpg,6,2,-30,-30
face_752.jpg,6,1,-15,45
face_488.jpg,6,1,-60,-15
face_489.jpg,6,2,90,0
face_2206.jpg,6,1,0,15
face_2390.jpg,6,2,60,-45
face_2183.jpg,6,2,-60,30
face_2500.jpg,6,2,-30,60
face_2400.jpg,6,1,60,-75
face_502.jpg,6,1,60,-90
face_1285.jpg,6,1,-60,-30
face_1832.jpg,6,2,15,60
face_1528.jpg,6,1,30,-30
face_1415.jpg,6,1,15,75
face_1695.jpg,6,1,-15,75
face_2158.jpg,6,1,0,-75
face_923.jpg,6,2,30,-75
face_1623.jpg,6,2,0,-90
face_27.jpg,6,1,-15,15
face_2487.jpg,6,1,-60,-45
face_450.jpg,6,1,-30,90
face_1970.jpg,6,1,30,15
face_2558.jpg,6,2,60,-30
face_1974.jpg,6,1,-15,-15
face_1849.jpg,6,2,30,90
face_2630.jpg,6,1,60,30
face_2574.jpg,6,2,60,60
face_743.jpg,6,1,15,15
face_2430.jpg,6,1,-60,90
face_1890.jpg,6,1,-15,-90
face_968.jpg,6,1,30,75
face_2186.jpg,6,2,15,-60
face_2260.jpg,6,2,0,15
face_1062.jpg,6,1,90,0
face_1102.jpg,6,2,-15,-75
face_1703.jpg,6,1,-30,45
face_805.jpg,6,1,-60,-90
face_545.jpg,6,2,30,45
face_169.jpg,6,2,-60,60
face_1089.jpg,6,1,0,0
face_2224.jpg,6,1,-30,30
face_2536.jpg,6,2,30,30
face_1037.jpg,6,1,60,-15
face_1725.jpg,6,2,0,-75
face_2205.jpg,6,2,-15,60
face_2738.jpg,6,1,0,-90
face_1442.jpg,6,2,-30,-45
face_1431.jpg,6,2,60,75
face_767.jpg,6,1,-30,-15
face_857.jpg,6,2,-60,-60
face_395.jpg,6,1,-30,-75
face_706.jpg,6,1,30,-60
face_2020.jpg,6,1,30,-90
face_703.jpg,6,1,-60,15
face_2052.jpg,6,2,-15,90
face_1402.jpg,6,2,15,-30
face_2045.jpg,6,2,0,90
face_1702.jpg,6,2,15,90
face_2572.jpg,6,1,-30,15
face_1583.jpg,6,1,15,45
face_2478.jpg,6,2,30,-15
face_1755.jpg,6,1,-60,-75
face_2189.jpg,6,2,-15,30
face_1894.jpg,6,2,-15,0
face_875.jpg,6,2,0,30
face_1345.jpg,6,1,15,-75
face_443.jpg,6,1,-15,-60
face_1187.jpg,6,2,30,60
face_1679.jpg,6,2,15,-45
face_184.jpg,6,1,15,-15
face_983.jpg,6,1,30,60
face_654.jpg,6,2,15,-15
face_1879.jpg,6,1,15,-45
face_763.jpg,6,2,-15,-60
face_123.jpg,6,2,15,-75
face_2467.jpg,6,1,15,0
face_844.jpg,6,1,0,-60
face_704.jpg,6,1,-15,30
face_5.jpg,6,2,-90,0
face_1586.jpg,6,2,-60,-75
face_682.jpg,6,1,30,-15
face_1822.jpg,6,2,15,45
face_2049.jpg,6,1,15,-30
face_210.jpg,6,1,-15,90
face_269.jpg,6,2,0,-45
face_825.jpg,6,2,-60,15
face_1918.jpg,6,1,15,90
face_2225.jpg,6,2,-30,15
face_414.jpg,6,2,30,-90
face_1546.jpg,6,2,30,0
face_180.jpg,6,2,30,-60
face_2410.jpg,6,2,-30,-75
face_666.jpg,6,2,0,-30
face_606.jpg,6,1,-15,60
face_1271.jpg,6,1,-60,-60
face_697.jpg,6,2,-30,-15
face_1817.jpg,6,1,60,75
face_1209.jpg,6,1,-30,-45
face_2564.jpg,6,1,30,30
face_2103.jpg,6,2,-30,30
face_1068.jpg,6,2,0,45
face_2200.jpg,6,1,-60,0
face_1163.jpg,6,2,60,-15
face_2342.jpg,6,2,60,0
face_960.jpg,6,1,-60,60
face_352.jpg,6,1,-15,-75
face_2291.jpg,6,1,15,-60
face_1659.jpg,6,1,30,45
face_1838.jpg,6,2,-60,-90
face_2575.jpg,6,2,-30,45
face_2663.jpg,6,2,0,60
face_2294.jpg,6,1,-30,0
face_815.jpg,6,1,0,-15
face_1952.jpg,6,2,30,75
face_564.jpg,6,2,-60,90
face_1440.jpg,6,2,0,75
face_1529.jpg,6,2,-15,-90
face_1362.jpg,6,1,30,90
face_1595.jpg,6,1,60,60
face_1731.jpg,6,2,15,15
face_2279.jpg,6,2,60,30
face_2680.jpg,7,2,-60,45
face_2451.jpg,7,2,-30,75
face_1805.jpg,7,2,-15,-45
face_1500.jpg,7,1,-60,75
face_2647.jpg,7,1,60,-60
face_1840.jpg,7,2,-60,-15
face_663.jpg,7,2,-15,45
face_702.jpg,7,2,-30,-60
face_1018.jpg,7,1,-30,-30
face_1136.jpg,7,2,0,30
face_1710.jpg,7,2,-15,0
face_903.jpg,7,1,30,-45
face_266.jpg,7,1,15,-90
face_2019.jpg,7,1,60,15
face_500.jpg,7,2,60,45
face_553.jpg,7,1,15,30
face_2624.jpg,7,2,60,90
face_845.jpg,7,2,0,90
face_1280.jpg,7,2,-15,-30
face_565.jpg,7,1,-30,-90
face_2626.jpg,7,2,-30,90
face_321.jpg,7,2,-60,-45
face_540.jpg,7,1,0,-90
face_230.jpg,7,2,-15,15
face_374.jpg,7,2,0,-75
face_1065.jpg,7,1,30,-75
face_1192.jpg,7,2,-15,75
face_518.jpg,7,2,15,75
face_797.jpg,7,1,60,-30
face_1236.jpg,7,2,-15,-15
face_1086.jpg,7,2,30,15
face_2431.jpg,7,1,0,0
face_640.jpg,7,2,60,-90
face_995.jpg,7,2,60,-75
face_1451.jpg,7,1,-30,60
face_2473.jpg,7,1,-60,30
face_1827.jpg,7,1,90,0
face_821.jpg,7,1,60,-45
face_2670.jpg,7,2,0,15
face_1655.jpg,7,1,15,60
face_2776.jpg,7,2,-60,-30
face_2138.jpg,7,2,30,-30
face_591.jpg,7,2,0,75
face_493.jpg,7,1,30,-30
face_124.jpg,7,1,-60,-30
face_1960.jpg,7,2,15,60
face_274.jpg,7,2,-60,30
face_513.jpg,7,2,-30,60
face_2321.jpg,7,2,60,-45
face_2127.jpg,7,1,60,-90
face_1720.jpg,7,1,0,-15
face_1403.jpg,7,1,-30,0
face_2481.jpg,7,1,60,-75
face_2783.jpg,7,2,0,60
face_1069.jpg,7,1,-15,-15
face_141.jpg,7,2,60,-30
face_2071.jpg,7,1,30,15
face_1038.jpg,7,2,0,45
face_1011.jpg,7,1,-60,0
face_2163.jpg,7,2,60,0
face_2198.jpg,7,1,-15,75
face_2545.jpg,7,2,30,0
face_917.jpg,7,1,15,75
face_1988.jpg,7,1,-60,-45
face_1944.jpg,7,1,-15,15
face_647.jpg,7,1,-30,90
face_2084.jpg,7,2,30,-75
face_626.jpg,7,2,0,-30
face_2550.jpg,7,2,-30,-90
face_1004.jpg,7,1,-15,-30
face_2570.jpg,7,2,0,-45
face_1396.jpg,7,1,60,90
face_97.jpg,7,2,15,-90
face_2421.jpg,7,1,60,45
face_496.jpg,7,2,15,30
face_1946.jpg,7,2,60,15
face_2349.jpg,7,1,0,-60
face_1340.jpg,7,2,30,-45
face_337.jpg,7,1,15,0
face_1311.jpg,7,1,-60,-15
face_2548.jpg,7,1,-15,45
face_1575.jpg,7,2,-30,-30
face_817.jpg,7,2,-90,0
face_1223.jpg,7,1,-30,-60
face_2417.jpg,7,2,60,-60
face_1151.jpg,7,2,-60,75
face_2621.jpg,7,1,-15,-45
face_1093.jpg,7,1,-60,45
face_1843.jpg,7,1,-30,75
face_1107.jpg,7,2,30,-15
face_2488.jpg,7,1,15,45
face_327.jpg,7,1,-60,-75
face_1631.jpg,7,1,30,-90
face_1385.jpg,7,1,-30,15
face_8.jpg,7,2,15,90
face_1346.jpg,7,1,0,-45
face_1424.jpg,7,2,-15,90
face_1164.jpg,7,2,15,-30
face_1027.jpg,7,1,-60,15
face_757.jpg,7,1,-15,-60
face_459.jpg,7,1,15,-75
face_263.jpg,7,1,15,-15
face_94.jpg,7,2,15,-45
face_2334.jpg,7,2,30,60
face_2469.jpg,7,2,-15,30
face_2649.jpg,7,1,-90,0
face_164.jpg,7,2,0,-60
face_1108.jpg,7,2,15,0
face_2169.jpg,7,2,0,-15
face_2627.jpg,7,1,30,75
face_2134.jpg,7,1,0,60
face_256.jpg,7,2,-30,0
face_238.jpg,7,1,-30,45
face_2472.jpg,7,2,30,45
face_1788.jpg,7,1,-60,-90
face_1248.jpg,7,2,-15,-75
face_130.jpg,7,2,15,-60
face_965.jpg,7,1,15,15
face_1738.jpg,7,2,60,60
face_88.jpg,7,1,60,30
face_922.jpg,7,2,30,90
face_2655.jpg,7,1,-15,-90
face_2290.jpg,7,1,0,75
face_1848.jpg,7,1,-60,90
face_2589.jpg,7,1,-30,-15
face_1869.jpg,7,2,-60,-60
face_1077.jpg,7,2,-30,-45
face_159.jpg,7,2,60,75
face_2247.jpg,7,2,-15,60
face_1407.jpg,7,1,0,-30
face_652.jpg,7,1,30,-60
face_1178.jpg,7,1,-30,-75
face_2447.jpg,7,1,30,0
face_2758.jpg,7,1,60,0
face_1722.jpg,7,2,-60,60
face_990.jpg,7,1,60,-15
face_2026.jpg,7,1,-30,30
face_1615.jpg,7,2,30,30
face_1133.jpg,7,2,-60,0
face_1716.jpg,7,1,0,45
face_1579.jpg,7,2,60,-15
face_2007.jpg,7,1,30,30
face_1193.jpg,7,2,-30,30
face_2062.jpg,7,1,-60,60
face_615.jpg,7,2,-30,-75
face_2706.jpg,7,2,30,-60
face_1045.jpg,7,1,60,75
face_1452.jpg,7,1,-30,-45
face_532.jpg,7,2,0,-90
face_2219.jpg,7,1,-60,-60
face_901.jpg,7,2,-30,-15
face_2375.jpg,7,1,-15,60
face_1801.jpg,7,1,0,-75
face_389.jpg,7,2,-15,-90
face_1540.jpg,7,2,-60,90
face_2509.jpg,7,2,60,30
face_786.jpg,7,2,15,15
face_196.jpg,7,1,60,60
face_2724.jpg,7,1,30,90
face_1648.jpg,7,2,-60,-90
face_2037.jpg,7,1,30,45
face_467.jpg,7,2,-30,45
face_1897.jpg,7,1,15,-60
face_1770.jpg,7,1,0,15
face_1814.jpg,7,1,-15,-75
face_455.jpg,7,2,90,0
face_1542.jpg,7,2,30,75
face_426.jpg,7,1,0,30
face_999.jpg,7,1,-15,0
face_822.jpg,7,1,-15,30
face_168.jpg,7,1,15,-45
face_1227.jpg,7,2,15,-15
face_526.jpg,7,1,30,60
face_2042.jpg,7,2,15,-75
face_2551.jpg,7,2,-15,-60
face_1461.jpg,7,2,-30,15
face_431.jpg,7,1,15,90
face_2343.jpg,7,1,0,90
face_947.jpg,7,2,-60,15
face_452.jpg,7,1,15,-30
face_2398.jpg,7,1,-15,90
face_1272.jpg,7,2,30,-90
face_2156.jpg,7,2,-60,-75
face_2542.jpg,7,2,15,45
face_145.jpg,7,2,0,0
face_22.jpg,7,1,30,-15
face_39.jpg,9,1,-30,-75
face_925.jpg,9,1,30,-60
face_1589.jpg,9,1,0,30
face_2699.jpg,9,1,-15,0
face_454.jpg,9,2,60,75
face_1664.jpg,9,2,-30,-45
face_52.jpg,9,2,-60,-60
face_874.jpg,9,1,-30,-15
face_550.jpg,9,2,-15,60
face_980.jpg,9,2,0,0
face_1551.jpg,9,1,60,-15
face_1017.jpg,9,2,30,30
face_1775.jpg,9,1,-30,30
face_1632.jpg,9,2,-60,60
face_1951.jpg,9,1,0,90
face_620.jpg,9,2,30,45
face_2579.jpg,9,1,-60,-90
face_2318.jpg,9,1,-30,45
face_2165.jpg,9,2,15,-60
face_485.jpg,9,2,-15,-75
face_1863.jpg,9,1,30,75
face_1651.jpg,9,1,-15,-90
face_84.jpg,9,1,-60,90
face_2388.jpg,9,1,60,30
face_2692.jpg,9,1,15,15
face_2634.jpg,9,2,60,60
face_1571.jpg,9,2,30,90
face_849.jpg,9,2,15,-45
face_1584.jpg,9,1,15,-15
face_2599.jpg,9,2,30,60
face_677.jpg,9,1,15,-75
face_1955.jpg,9,1,-15,-60
face_320.jpg,9,1,0,-75
face_1274.jpg,9,2,-15,30
face_2423.jpg,9,2,0,-90
face_1757.jpg,9,1,-60,-75
face_585.jpg,9,1,15,45
face_1228.jpg,9,2,30,-15
face_730.jpg,9,1,-30,15
face_2331.jpg,9,2,90,0
face_228.jpg,9,2,15,90
face_1552.jpg,9,1,0,15
face_668.jpg,9,1,-60,15
face_1504.jpg,9,2,15,-30
face_338.jpg,9,2,-15,90
face_1423.jpg,9,1,30,-90
face_17.jpg,9,2,-30,0
face_1076.jpg,9,1,0,60
face_1244.jpg,9,2,30,-90
face_1267.jpg,9,2,0,-15
face_1088.jpg,9,2,-30,15
face_2154.jpg,9,1,15,90
face_1943.jpg,9,1,-15,90
face_2666.jpg,9,1,15,-30
face_2719.jpg,9,2,-60,15
face_7.jpg,9,1,30,-15
face_131.jpg,9,2,15,45
face_2354.jpg,9,2,-60,-75
face_1252.jpg,9,1,0,75
face_971.jpg,9,1,0,-30
face_621.jpg,9,1,-15,30
face_1895.jpg,9,1,30,0
face_2770.jpg,9,1,60,0
face_872.jpg,9,2,-15,-60
face_2654.jpg,9,2,15,-75
face_2367.jpg,9,2,15,-15
face_1743.jpg,9,2,-60,0
face_483.jpg,9,1,0,45
face_1694.jpg,9,1,15,-45
face_1601.jpg,9,1,30,60
face_2483.jpg,9,2,15,15
face_2453.jpg,9,1,60,60
face_618.jpg,9,2,60,30
face_1464.jpg,9,1,30,90
face_2211.jpg,9,2,-15,-90
face_388.jpg,9,2,-60,90
face_1026.jpg,9,2,30,75
face_878.jpg,9,1,0,-45
face_2077.jpg,9,2,-30,45
face_1522.jpg,9,2,-60,-90
face_138.jpg,9,1,30,45
face_252.jpg,9,1,-15,-75
face_178.jpg,9,1,15,-60
face_1707.jpg,9,1,-60,60
face_1831.jpg,9,2,60,-15
face_1933.jpg,9,2,-30,30
face_2048.jpg,9,1,30,30
face_36.jpg,9,2,-30,-15
face_2377.jpg,9,1,-90,0
face_2415.jpg,9,1,-60,-60
face_576.jpg,9,1,-30,-45
face_936.jpg,9,1,60,75
face_2304.jpg,9,1,-15,60
face_494.jpg,9,2,30,-60
face_774.jpg,9,2,-30,-75
face_1747.jpg,9,2,15,0
face_1454.jpg,9,2,0,-60
face_1349.jpg,9,2,0,-45
face_2217.jpg,9,1,-60,30
face_1578.jpg,9,1,-30,60
face_1372.jpg,9,1,60,-45
face_2043.jpg,9,2,60,-90
face_1410.jpg,9,2,60,-75
face_1705.jpg,9,2,30,-30
face_1789.jpg,9,2,-60,-30
face_2038.jpg,9,1,15,60
face_2693.jpg,9,1,15,0
face_2201.jpg,9,2,-15,75
face_2150.jpg,9,1,0,-60
face_2786.jpg,9,2,15,75
face_635.jpg,9,2,-90,0
face_1367.jpg,9,2,-60,-45
face_738.jpg,9,2,-15,15
face_378.jpg,9,2,-30,90
face_1496.jpg,9,1,30,-75
face_1948.jpg,9,2,-15,-15
face_1896.jpg,9,1,60,-30
face_1480.jpg,9,2,30,15
face_1754.jpg,9,2,0,75
face_1020.jpg,9,1,15,-90
face_955.jpg,9,2,60,45
face_1733.jpg,9,1,15,30
face_1712.jpg,9,1,60,15
face_1756.jpg,9,1,-30,-90
face_584.jpg,9,2,-15,-30
face_860.jpg,9,2,0,60
face_560.jpg,9,1,-30,0
face_2227.jpg,9,1,0,-15
face_2583.jpg,9,2,60,90
face_1245.jpg,9,1,60,-60
face_1121.jpg,9,1,-60,75
face_1903.jpg,9,2,0,45
face_2177.jpg,9,1,-60,0
face_871.jpg,9,2,-15,-45
face_687.jpg,9,2,60,0
face_601.jpg,9,2,-60,45
face_1145.jpg,9,2,-30,75
face_192.jpg,9,2,30,0
face_1477.jpg,9,1,30,-45
face_718.jpg,9,2,-60,-15
face_524.jpg,9,2,0,-30
face_2345.jpg,9,2,-15,45
face_2174.jpg,9,1,-30,-30
face_1891.jpg,9,2,-30,-60
face_273.jpg,9,1,-60,-15
face_2199.jpg,9,1,-15,45
face_2571.jpg,9,2,0,-75
face_268.jpg,9,1,-30,-60
face_1852.jpg,9,1,0,-90
face_1036.jpg,9,2,-30,-30
face_1313.jpg,9,2,30,-45
face_343.jpg,9,1,-60,45
face_2559.jpg,9,1,0,0
face_1085.jpg,9,1,-30,75
face_61.jpg,9,1,-15,-45
face_353.jpg,9,2,-60,75
face_195.jpg,9,2,60,-60
face_441.jpg,9,1,60,90
face_2728.jpg,9,2,0,15
face_59.jpg,9,1,90,0
face_1882.jpg,9,1,-15,-30
face_661.jpg,9,2,-30,-90
face_1835.jpg,9,2,15,-90
face_420.jpg,9,2,60,15
face_1502.jpg,9,1,60,45
face_29.jpg,9,2,15,30
face_1212.jpg,9,2,60,-30
face_1290.jpg,9,1,-15,-15
face_1898.jpg,9,1,30,15
face_1834.jpg,9,1,-30,90
face_1523.jpg,9,1,-60,-45
face_1152.jpg,9,1,-15,15
face_517.jpg,9,2,30,-75
face_193.jpg,9,1,-15,75
face_539.jpg,9,2,0,30
face_1844.jpg,9,1,15,75
face_580.jpg,9,2,-15,0
face_2734.jpg,9,2,15,60
face_910.jpg,9,1,-60,-30
face_140.jpg,9,1,30,-30
face_855.jpg,9,1,60,-90
face_1912.jpg,9,1,60,-75
face_2568.jpg,9,2,-30,60
face_2787.jpg,9,2,-60,30
face_1820.jpg,9,2,0,90
face_2778.jpg,9,2,60,-45
face_2029.jpg,14,2,60,0
face_928.jpg,14,1,30,-75
face_966.jpg,14,2,-15,15
face_369.jpg,14,2,-60,-45
face_2450.jpg,14,2,-30,90
face_2251.jpg,14,2,15,75
face_1590.jpg,14,1,-60,0
face_2182.jpg,14,2,0,45
face_727.jpg,14,2,-15,75
face_1945.jpg,14,2,0,-30
face_461.jpg,14,2,30,0
face_1935.jpg,14,2,30,15
face_2462.jpg,14,1,60,-30
face_1557.jpg,14,2,-15,-15
face_1771.jpg,14,2,60,-75
face_1990.jpg,14,2,60,-90
face_1751.jpg,14,1,60,-45
face_2384.jpg,14,1,-60,30
face_538.jpg,14,1,-30,60
face_1851.jpg,14,2,0,75
face_1892.jpg,14,2,0,60
face_769.jpg,14,2,-60,-30
face_1383.jpg,14,1,-30,0
face_69.jpg,14,1,15,60
face_2700.jpg,14,2,30,-30
face_299.jpg,14,1,0,-15
face_1482.jpg,14,2,-30,75
face_514.jpg,14,2,-90,0
face_1719.jpg,14,2,-60,45
face_2742.jpg,14,1,15,0
face_636.jpg,14,1,-60,75
face_232.jpg,14,2,-15,-45
face_934.jpg,14,1,60,-60
face_1401.jpg,14,1,0,-60
face_2701.jpg,14,2,-30,-60
face_86.jpg,14,1,-30,-30
face_1153.jpg,14,2,-15,45
face_2420.jpg,14,2,-60,-15
face_2078.jpg,14,1,30,-45
face_1287.jpg,14,1,60,15
face_1417.jpg,14,1,15,30
face_1929.jpg,14,2,60,45
face_1646.jpg,14,1,15,-90
face_2099.jpg,14,2,0,-45
face_54.jpg,14,2,60,90
face_596.jpg,14,1,-30,-90
face_739.jpg,14,2,-15,-30
face_1965.jpg,14,1,-15,-30
face_926.jpg,14,2,-30,-90
face_2691.jpg,14,1,60,90
face_1996.jpg,14,2,0,90
face_508.jpg,14,2,15,30
face_2391.jpg,14,1,60,45
face_101.jpg,14,2,60,15
face_2379.jpg,14,2,15,-90
face_2153.jpg,14,2,30,-45
face_1964.jpg,14,2,-30,-30
face_937.jpg,14,1,-30,-60
face_1728.jpg,14,1,-15,45
face_1900.jpg,14,1,-60,-15
face_149.jpg,14,2,-15,0
face_1588.jpg,14,2,0,30
face_284.jpg,14,2,60,-60
face_2640.jpg,14,1,-15,-45
face_2717.jpg,14,2,-60,75
face_1604.jpg,14,1,-30,75
face_780.jpg,14,1,-60,45
face_476.jpg,14,2,0,15
face_175.jpg,14,1,90,0
face_927.jpg,14,1,30,-30
face_1456.jpg,14,2,15,60
face_2140.jpg,14,1,-60,-30
face_109.jpg,14,1,0,0
face_458.jpg,14,2,60,-45
face_651.jpg,14,2,-30,60
face_2241.jpg,14,2,-60,30
face_588.jpg,14,1,60,-75
face_986.jpg,14,1,60,-90
face_2581.jpg,14,1,30,15
face_2526.jpg,14,1,-15,-15
face_1934.jpg,14,2,60,-30
face_867.jpg,14,2,0,-75
face_566.jpg,14,1,0,-90
face_1936.jpg,14,1,15,75
face_2774.jpg,14,1,-15,75
face_520.jpg,14,2,30,-75
face_2457.jpg,14,1,-30,90
face_646.jpg,14,1,-15,15
face_1199.jpg,14,1,-60,-45
face_438.jpg,14,1,30,75
face_1729.jpg,14,2,-15,-75
face_1122.jpg,14,2,15,-60
face_974.jpg,14,2,30,45
face_1316.jpg,14,1,-60,-90
face_2566.jpg,14,1,-30,45
face_633.jpg,14,2,30,90
face_1958.jpg,14,2,60,60
face_21.jpg,14,1,15,15
face_1057.jpg,14,1,60,30
face_1926.jpg,14,1,-60,90
face_2434.jpg,14,2,90,0
face_1215.jpg,14,1,0,15
face_198.jpg,14,1,-15,-90
face_1846.jpg,14,2,-15,60
face_1166.jpg,14,2,-60,-60
face_2085.jpg,14,1,-30,-15
face_1939.jpg,14,2,60,75
face_2068.jpg,14,2,-30,-45
face_1607.jpg,14,1,30,-60
face_2506.jpg,14,1,-30,-75
face_1332.jpg,14,1,0,-75
face_1479.jpg,14,2,-60,60
face_659.jpg,14,2,0,-90
face_1643.jpg,14,2,30,30
face_660.jpg,14,1,-30,30
face_2146.jpg,14,1,60,-15
face_2333.jpg,14,2,30,-15
face_2196.jpg,14,1,15,45
face_970.jpg,14,1,0,90
face_1767.jpg,14,1,-60,-75
face_1553.jpg,14,2,0,0
face_197.jpg,14,1,30,-90
face_2303.jpg,14,2,15,-30
face_2197.jpg,14,2,-15,90
face_482.jpg,14,1,-60,15
face_2164.jpg,14,2,15,90
face_1676.jpg,14,1,-30,15
face_598.jpg,14,1,-15,-60
face_2452.jpg,14,1,15,-75
face_486.jpg,14,2,30,60
face_1677.jpg,14,1,15,-15
face_1718.jpg,14,1,-15,0
face_1905.jpg,14,1,0,30
face_2731.jpg,14,2,15,-45
face_2525.jpg,14,2,-15,30
face_1299.jpg,14,1,-15,30
face_2324.jpg,14,1,30,60
face_589.jpg,14,2,15,0
face_2209.jpg,14,1,15,-45
face_2100.jpg,14,2,0,-60
face_753.jpg,14,2,15,-15
face_2063.jpg,14,1,-90,0
face_683.jpg,14,2,15,-75
face_723.jpg,14,2,-15,-60
face_1446.jpg,14,2,-60,15
face_1190.jpg,14,1,-15,90
face_2397.jpg,14,1,15,-30
face_885.jpg,14,1,15,90
face_290.jpg,14,2,-30,15
face_1577.jpg,14,2,30,-90
face_1225.jpg,14,1,0,-45
face_552.jpg,14,2,-60,-75
face_2518.jpg,14,2,15,45
face_577.jpg,14,1,30,-15
face_1368.jpg,14,1,30,0
face_1399.jpg,14,2,-30,30
face_841.jpg,14,1,30,30
face_2675.jpg,14,2,60,-15
face_2443.jpg,14,1,-60,60
face_2133.jpg,14,1,0,-30
face_2669.jpg,14,1,0,45
face_2614.jpg,14,2,-60,0
face_1162.jpg,14,2,-30,-75
face_1533.jpg,14,2,30,-60
face_371.jpg,14,1,60,0
face_2439.jpg,14,1,-15,60
face_2166.jpg,14,1,-30,-45
face_1406.jpg,14,1,60,75
face_1968.jpg,14,2,-30,-15
face_1430.jpg,14,1,-60,-60
face_1644.jpg,14,2,-60,90
face_2540.jpg,14,2,-15,-90
face_2203.jpg,14,2,-30,0
face_382.jpg,14,1,0,60
face_2149.jpg,14,1,30,90
face_2442.jpg,14,2,60,30
face_2102.jpg,14,2,0,-15
face_1054.jpg,14,1,60,60
face_2491.jpg,14,2,15,15
face_2704.jpg,14,1,15,-60
face_2539.jpg,14,1,-15,-75
face_2286.jpg,14,2,-30,45
face_1040.jpg,14,2,-60,-90
face_1327.jpg,14,1,30,45
face_829.jpg,14,1,0,75
face_392.jpg,14,2,30,75
face_1224.jpg,13,2,-15,15
face_1312.jpg,13,2,-60,-45
face_569.jpg,13,2,-30,90
face_1672.jpg,13,1,30,-75
face_771.jpg,13,2,-15,75
face_1105.jpg,13,2,-30,0
face_1560.jpg,13,1,0,60
face_784.jpg,13,2,15,75
face_1927.jpg,13,2,0,-15
face_1159.jpg,13,1,0,75
face_237.jpg,13,1,60,-30
face_519.jpg,13,2,-15,-15
face_1264.jpg,13,2,30,15
face_977.jpg,13,2,60,-90
face_1520.jpg,13,1,30,0
face_1873.jpg,13,2,60,-75
face_1300.jpg,13,1,-60,30
face_1370.jpg,13,1,0,-30
face_1765.jpg,13,1,-30,60
face_1329.jpg,13,1,60,-45
face_1857.jpg,13,1,0,45
face_1393.jpg,13,2,-60,0
face_2609.jpg,13,2,-60,-30
face_2136.jpg,13,1,15,60
face_2314.jpg,13,1,0,0
face_1856.jpg,13,2,30,-30
face_2378.jpg,13,1,60,0
face_2744.jpg,13,2,-60,45
face_2404.jpg,13,2,-30,75
face_2694.jpg,13,1,-60,75
face_146.jpg,13,2,-15,-45
face_211.jpg,13,1,60,-60
face_1807.jpg,13,2,-15,45
face_2087.jpg,13,2,-60,-15
face_751.jpg,13,1,0,-45
face_1428.jpg,13,2,-30,-60
face_853.jpg,13,1,-30,-30
face_219.jpg,13,1,30,-45
face_1949.jpg,13,1,15,-90
face_2310.jpg,13,1,60,15
face_1776.jpg,13,1,15,30
face_2766.jpg,13,2,60,45
face_608.jpg,13,2,15,0
face_309.jpg,13,2,0,-60
face_2161.jpg,13,2,60,90
face_1581.jpg,13,1,-90,0
face_2471.jpg,13,1,-30,-90
face_806.jpg,13,2,-15,-30
face_2313.jpg,13,1,-15,-30
face_107.jpg,13,2,-30,-90
face_187.jpg,13,1,60,90
face_515.jpg,13,1,0,30
face_2780.jpg,13,1,-15,0
face_2120.jpg,13,2,15,-90
face_2033.jpg,13,2,15,30
face_2768.jpg,13,1,60,45
face_6.jpg,13,2,60,15
face_1465.jpg,13,2,30,-45
face_998.jpg,13,1,0,90
face_2759.jpg,13,1,-15,45
face_1638.jpg,13,1,-60,-15
face_1460.jpg,13,2,-30,-30
face_2116.jpg,13,1,-30,-60
face_1167.jpg,13,2,60,-60
face_536.jpg,13,1,-15,-45
face_989.jpg,13,2,-60,75
face_1941.jpg,13,1,-60,45
face_1072.jpg,13,1,-30,75
face_510.jpg,13,1,30,-30
face_810.jpg,13,2,15,60
face_908.jpg,13,1,-60,-30
face_1247.jpg,13,1,0,-75
face_80.jpg,13,2,-30,60
face_2366.jpg,13,2,-60,30
face_604.jpg,13,2,60,-45
face_1543.jpg,13,2,0,-90
face_1816.jpg,13,1,60,-90
face_2050.jpg,13,1,60,-75
face_1185.jpg,13,1,-15,-15
face_750.jpg,13,2,60,-30
face_1572.jpg,13,1,30,15
face_2402.jpg,13,1,-15,75
face_2707.jpg,13,1,15,75
face_972.jpg,13,1,-30,90
face_393.jpg,13,2,90,0
face_133.jpg,13,1,0,15
face_2351.jpg,13,1,-15,15
face_394.jpg,13,1,-60,-45
face_2023.jpg,13,2,30,-75
face_629.jpg,13,1,30,75
face_639.jpg,13,2,0,-75
face_896.jpg,13,1,-60,-90
face_1938.jpg,13,2,30,45
face_1056.jpg,13,1,-30,45
face_1493.jpg,13,1,0,-90
face_457.jpg,13,2,-15,-75
face_1591.jpg,13,2,15,-60
face_239.jpg,13,2,60,60
face_1391.jpg,13,1,15,15
face_1565.jpg,13,1,60,30
face_895.jpg,13,2,30,90
face_1568.jpg,13,1,-15,-90
face_2191.jpg,13,1,-60,90
face_181.jpg,13,2,0,15
face_1211.jpg,13,2,-60,-60
face_2782.jpg,13,1,-30,-15
face_1841.jpg,13,1,90,0
face_1535.jpg,13,2,60,75
face_2139.jpg,13,2,-30,-45
face_1859.jpg,13,2,-15,60
face_1000.jpg,13,1,30,-60
face_1501.jpg,13,1,-30,-75
face_255.jpg,13,2,-60,60
face_490.jpg,13,1,60,-15
face_387.jpg,13,2,30,30
face_2360.jpg,13,1,-30,30
face_1499.jpg,13,2,30,-15
face_768.jpg,13,1,15,45
face_504.jpg,13,1,-60,-75
face_2392.jpg,13,1,30,-90
face_2461.jpg,13,2,0,30
face_1384.jpg,13,2,-15,0
face_2449.jpg,13,2,15,90
face_1419.jpg,13,1,-30,15
face_298.jpg,13,2,15,-30
face_2081.jpg,13,2,-15,90
face_2132.jpg,13,1,-60,15
face_2760.jpg,13,1,-15,-60
face_2017.jpg,13,1,15,-75
face_1657.jpg,13,1,15,-15
face_1028.jpg,13,2,15,-45
face_1594.jpg,13,2,30,60
face_46.jpg,13,2,0,90
face_11.jpg,13,2,-15,30
face_1953.jpg,13,2,0,-45
face_2789.jpg,13,1,-15,30
face_2553.jpg,13,1,15,-45
face_796.jpg,13,2,15,-15
face_719.jpg,13,1,30,60
face_1284.jpg,13,2,15,-75
face_942.jpg,13,2,-15,-60
face_2305.jpg,13,2,-90,0
face_1472.jpg,13,1,15,90
face_776.jpg,13,2,-30,15
face_503.jpg,13,2,-60,15
face_1249.jpg,13,1,-15,90
face_1748.jpg,13,1,15,-30
face_1095.jpg,13,1,15,0
face_611.jpg,13,2,30,-90
face_792.jpg,13,1,0,-60
face_808.jpg,13,2,0,0
face_1874.jpg,13,2,-60,-75
face_1484.jpg,13,2,15,45
face_866.jpg,13,1,30,-15
face_783.jpg,13,2,60,-15
face_405.jpg,13,2,-30,30
face_465.jpg,13,1,30,30
face_653.jpg,13,1,-60,60
face_2096.jpg,13,2,0,75
face_1739.jpg,13,2,-30,-75
face_297.jpg,13,2,30,-60
face_2596.jpg,13,2,0,60
face_624.jpg,13,1,-30,0
face_2135.jpg,13,1,0,-15
face_282.jpg,13,1,-30,-45
face_2406.jpg,13,1,60,75
face_809.jpg,13,2,-30,-15
face_2705.jpg,13,1,-60,-60
face_938.jpg,13,1,-15,60
face_2716.jpg,13,2,-15,-90
face_1115.jpg,13,2,60,0
face_858.jpg,13,2,-60,90
face_2075.jpg,13,2,60,30
face_466.jpg,13,1,-60,0
face_2000.jpg,13,2,0,45
face_176.jpg,13,1,60,60
face_2521.jpg,13,2,15,15
face_1139.jpg,13,1,30,90
face_1923.jpg,13,2,-30,45
face_165.jpg,13,1,30,45
face_419.jpg,13,2,-60,-90
face_2010.jpg,13,2,0,-30
face_362.jpg,13,1,15,-60
face_1969.jpg,13,1,-15,-75
face_1917.jpg,13,2,30,75
face_556.jpg,13,2,30,0
face_939.jpg,12,1,-30,-30
face_1091.jpg,12,2,-30,-60
face_160.jpg,12,2,0,90
face_828.jpg,12,2,-60,-15
face_2538.jpg,12,2,-15,45
face_782.jpg,12,1,30,-45
face_793.jpg,12,2,-30,75
face_2712.jpg,12,2,-60,45
face_729.jpg,12,1,60,-60
face_224.jpg,12,1,-60,75
face_2577.jpg,12,2,-15,-45
face_1490.jpg,12,2,-15,0
face_1161.jpg,12,2,60,90
face_294.jpg,12,2,0,30
face_222.jpg,12,1,-30,-90
face_279.jpg,12,2,-15,-30
face_909.jpg,12,2,60,45
face_2765.jpg,12,1,15,30
face_1693.jpg,12,1,60,15
face_1809.jpg,12,1,15,-90
face_440.jpg,12,2,30,15
face_1652.jpg,12,2,-15,-15
face_2608.jpg,12,1,60,-30
face_2600.jpg,12,1,30,-75
face_1580.jpg,12,2,-60,-45
face_63.jpg,12,2,-15,15
face_905.jpg,12,2,-30,90
face_1096.jpg,12,1,90,0
face_1175.jpg,12,2,0,15
face_1326.jpg,12,2,15,75
face_1315.jpg,12,2,-15,75
face_1170.jpg,12,2,30,-30
face_207.jpg,12,2,-60,-30
face_649.jpg,12,1,15,60
face_1014.jpg,12,2,60,-75
face_71.jpg,12,2,60,-90
face_37.jpg,12,1,60,-45
face_1986.jpg,12,1,0,-90
face_2053.jpg,12,1,-60,30
face_1156.jpg,12,2,0,-75
face_1328.jpg,12,1,-30,60
face_412.jpg,12,2,60,-45
face_415.jpg,12,2,-30,60
face_280.jpg,12,2,-60,30
face_2584.jpg,12,2,0,-30
face_247.jpg,12,1,60,-75
face_128.jpg,12,2,30,0
face_43.jpg,12,1,60,-90
face_346.jpg,12,2,60,0
face_283.jpg,12,2,15,60
face_1796.jpg,12,1,-60,-30
face_862.jpg,12,1,30,-30
face_1525.jpg,12,1,-60,0
face_979.jpg,12,2,0,45
face_656.jpg,12,1,15,75
face_1506.jpg,12,1,0,-15
face_147.jpg,12,1,-30,0
face_1823.jpg,12,2,0,60
face_1008.jpg,12,1,-15,75
face_1561.jpg,12,2,30,-75
face_1176.jpg,12,1,-30,90
face_2035.jpg,12,1,-60,-45
face_242.jpg,12,1,-15,15
face_557.jpg,12,1,30,15
face_915.jpg,12,2,60,-30
face_2326.jpg,12,1,-15,-15
face_4.jpg,12,2,0,75
face_2113.jpg,12,2,60,15
face_2253.jpg,12,1,60,45
face_688.jpg,12,2,15,30
face_2401.jpg,12,2,15,-90
face_446.jpg,12,1,-15,-30
face_108.jpg,12,2,-30,-90
face_1698.jpg,12,2,-90,0
face_2006.jpg,12,1,0,-60
face_2721.jpg,12,1,60,90
face_1138.jpg,12,1,15,0
face_2598.jpg,12,1,-15,-45
face_1878.jpg,12,2,-60,75
face_349.jpg,12,2,0,0
face_243.jpg,12,2,60,-60
face_2683.jpg,12,1,-30,75
face_456.jpg,12,1,-60,45
face_296.jpg,12,2,30,-45
face_2307.jpg,12,1,-30,-60
face_148.jpg,12,2,-30,-30
face_2097.jpg,12,1,-60,-15
face_1488.jpg,12,1,-15,45
face_277.jpg,12,2,0,-45
face_2688.jpg,12,2,0,-60
face_1110.jpg,12,1,30,-90
face_1505.jpg,12,2,15,0
face_1734.jpg,12,1,-60,15
face_34.jpg,12,2,15,-30
face_582.jpg,12,2,-15,90
face_2532.jpg,12,1,-90,0
face_2246.jpg,12,1,-30,15
face_2725.jpg,12,2,15,90
face_2590.jpg,12,1,15,45
face_1975.jpg,12,2,30,-15
face_1538.jpg,12,1,-60,-75
face_1763.jpg,12,2,-15,30
face_1429.jpg,12,1,0,-45
face_2513.jpg,12,1,15,-75
face_1205.jpg,12,1,-15,-60
face_305.jpg,12,2,30,60
face_573.jpg,12,2,15,-45
face_366.jpg,12,1,15,-15
face_111.jpg,12,2,30,90
face_1474.jpg,12,1,60,30
face_1237.jpg,12,1,15,15
face_2270.jpg,12,1,0,45
face_158.jpg,12,2,60,60
face_1373.jpg,12,2,-60,0
face_1837.jpg,12,1,-60,90
face_1636.jpg,12,1,60,0
face_1674.jpg,12,1,-15,-90
face_714.jpg,12,1,30,75
face_2277.jpg,12,1,30,0
face_1569.jpg,12,2,15,-60
face_1598.jpg,12,2,-15,-75
face_630.jpg,12,2,30,45
face_1516.jpg,12,1,-60,-90
face_1351.jpg,12,1,-30,45
face_2195.jpg,12,1,0,-30
face_14.jpg,12,2,-60,60
face_479.jpg,12,1,0,75
face_2143.jpg,12,2,30,30
face_2714.jpg,12,1,-30,30
face_2056.jpg,12,1,60,-15
face_315.jpg,12,2,-15,60
face_2414.jpg,12,2,60,75
face_506.jpg,12,2,-30,-45
face_139.jpg,12,2,-60,-60
face_930.jpg,12,1,-30,-15
face_2730.jpg,12,2,0,-15
face_1706.jpg,12,1,0,60
face_1292.jpg,12,2,-30,0
face_2761.jpg,12,1,0,0
face_60.jpg,12,1,-30,-75
face_1563.jpg,12,1,30,-60
face_1495.jpg,12,2,30,-60
face_2288.jpg,12,2,-30,-75
face_1063.jpg,12,1,-15,60
face_1049.jpg,12,2,-30,-15
face_1010.jpg,12,1,-60,-60
face_2652.jpg,12,1,-30,-45
face_2296.jpg,12,1,0,15
face_258.jpg,12,2,90,0
face_1449.jpg,12,1,60,75
face_341.jpg,12,2,-30,30
face_1283.jpg,12,1,30,30
face_1963.jpg,12,2,60,-15
face_153.jpg,12,1,-60,60
face_2382.jpg,12,1,-15,-75
face_2459.jpg,12,2,0,-90
face_1055.jpg,12,1,15,-60
face_744.jpg,12,2,-30,45
face_495.jpg,12,2,-60,-90
face_2496.jpg,12,1,0,-75
face_1207.jpg,12,1,30,45
face_2028.jpg,12,2,30,75
face_1700.jpg,12,2,-60,90
face_370.jpg,12,2,-15,-90
face_722.jpg,12,1,30,90
face_2591.jpg,12,2,15,15
face_1682.jpg,12,1,60,60
face_2109.jpg,12,2,60,30
face_1308.jpg,12,1,30,60
face_807.jpg,12,2,15,-15
face_106.jpg,12,1,15,-45
face_2202.jpg,12,2,-15,-60
face_1685.jpg,12,2,15,-75
face_889.jpg,12,1,-15,30
face_179.jpg,12,1,0,90
face_1956.jpg,12,2,-60,-75
face_1132.jpg,12,1,30,-15
face_1876.jpg,12,2,15,45
face_1434.jpg,12,1,-15,90
face_45.jpg,12,1,15,-30
face_1376.jpg,12,2,-60,15
face_2468.jpg,12,2,-30,15
face_1374.jpg,12,1,15,90
face_38.jpg,12,1,-15,0
face_754.jpg,12,1,0,30
face_328.jpg,12,2,30,-90
face_1853.jpg,15,2,-60,-15
face_372.jpg,15,2,-15,45
face_253.jpg,15,1,-30,-30
face_1810.jpg,15,2,-30,-60
face_1858.jpg,15,1,30,-45
face_2465.jpg,15,2,-60,45
face_685.jpg,15,2,-30,75
face_1611.jpg,15,1,60,-60
face_2622.jpg,15,1,-60,75
face_1188.jpg,15,1,0,30
face_533.jpg,15,1,-15,0
face_2011.jpg,15,2,-15,-45
face_2369.jpg,15,2,0,0
face_590.jpg,15,2,60,90
face_1147.jpg,15,1,-30,-90
face_932.jpg,15,2,-15,-30
face_1597.jpg,15,1,15,-90
face_1744.jpg,15,2,60,45
face_1798.jpg,15,1,15,30
face_1140.jpg,15,1,60,15
face_1469.jpg,15,1,0,90
face_1194.jpg,15,2,0,-90
face_81.jpg,15,1,0,-75
face_376.jpg,15,2,-15,-15
face_1458.jpg,15,1,60,-30
face_1531.jpg,15,2,30,15
face_451.jpg,15,2,-60,-45
face_354.jpg,15,2,-15,15
face_2648.jpg,15,2,-30,90
face_699.jpg,15,1,30,-75
face_2338.jpg,15,2,-15,75
face_2079.jpg,15,2,15,75
face_1079.jpg,15,2,30,-30
face_66.jpg,15,2,-60,-30
face_1721.jpg,15,1,15,60
face_897.jpg,15,1,0,15
face_2495.jpg,15,2,90,0
face_678.jpg,15,2,60,-90
face_1392.jpg,15,2,60,-75
face_214.jpg,15,1,-60,30
face_2576.jpg,15,1,-30,60
face_1334.jpg,15,1,60,-45
face_595.jpg,15,2,-30,60
face_698.jpg,15,1,0,75
face_2641.jpg,15,2,-60,30
face_1661.jpg,15,2,60,-45
face_1759.jpg,15,1,60,-90
face_154.jpg,15,1,60,-75
face_2565.jpg,15,2,0,-15
face_694.jpg,15,2,15,60
face_1600.jpg,15,1,-60,-30
face_96.jpg,15,1,0,60
face_167.jpg,15,1,30,-30
face_2151.jpg,15,2,-30,0
face_2508.jpg,15,1,-15,75
face_350.jpg,15,1,15,75
face_2727.jpg,15,1,0,45
face_161.jpg,15,2,-60,0
face_1526.jpg,15,1,-30,90
face_170.jpg,15,1,-60,-45
face_1850.jpg,15,1,-15,15
face_1195.jpg,15,2,30,-75
face_289.jpg,15,1,60,0
face_1940.jpg,15,2,60,-30
face_602.jpg,15,1,-15,-15
face_2118.jpg,15,1,30,0
face_1221.jpg,15,1,30,15
face_2374.jpg,15,1,0,-30
face_2372.jpg,15,1,0,-45
face_1982.jpg,15,2,15,-90
face_1633.jpg,15,2,60,15
face_1972.jpg,15,1,60,45
face_579.jpg,15,2,15,30
face_1993.jpg,15,1,-15,-30
face_512.jpg,15,2,-30,-90
face_1412.jpg,15,1,60,90
face_1003.jpg,15,1,-15,-45
face_216.jpg,15,2,0,-60
face_1634.jpg,15,2,-60,75
face_1090.jpg,15,2,60,-60
face_848.jpg,15,2,15,0
face_1582.jpg,15,1,-60,45
face_2327.jpg,15,1,-30,75
face_2685.jpg,15,1,-90,0
face_2370.jpg,15,2,30,-45
face_2171.jpg,15,1,-60,-15
face_558.jpg,15,1,-15,45
face_2781.jpg,15,1,-30,-60
face_610.jpg,15,2,-30,-30
face_1128.jpg,15,1,30,-90
face_302.jpg,15,1,-30,15
face_0.jpg,15,2,15,90
face_2264.jpg,15,1,-60,15
face_1574.jpg,15,2,15,-30
face_2041.jpg,15,2,-15,90
face_473.jpg,15,1,15,45
face_2595.jpg,15,2,30,-15
face_1094.jpg,15,2,0,-45
face_2176.jpg,15,1,-60,-75
face_137.jpg,15,2,-15,30
face_614.jpg,15,1,15,-75
face_681.jpg,15,1,-15,-60
face_2281.jpg,15,2,-90,0
face_2455.jpg,15,1,0,-60
face_1753.jpg,15,2,15,-45
face_1470.jpg,15,1,15,-15
face_2259.jpg,15,1,15,0
face_1711.jpg,15,2,30,60
face_571.jpg,15,1,60,30
face_1390.jpg,15,1,15,15
face_2172.jpg,15,2,60,60
face_2234.jpg,15,1,0,-15
face_818.jpg,15,2,30,90
face_2001.jpg,15,1,-30,0
face_270.jpg,15,2,0,60
face_2261.jpg,15,1,-15,-90
face_285.jpg,15,1,-60,90
face_1263.jpg,15,1,30,75
face_163.jpg,15,2,0,75
face_1259.jpg,15,1,-60,-90
face_30.jpg,15,2,30,45
face_1803.jpg,15,1,-30,45
face_1673.jpg,15,2,15,-60
face_1485.jpg,15,2,-15,-75
face_2606.jpg,15,2,0,-30
face_1109.jpg,15,2,-60,60
face_772.jpg,15,1,60,-15
face_401.jpg,15,2,30,30
face_2058.jpg,15,2,30,0
face_1468.jpg,15,1,-30,30
face_306.jpg,15,2,60,75
face_2710.jpg,15,2,-30,-45
face_1749.jpg,15,2,-60,-60
face_1325.jpg,15,1,-30,-15
face_475.jpg,15,2,-15,60
face_1510.jpg,15,2,60,0
face_1030.jpg,15,1,-30,-75
face_188.jpg,15,1,30,-60
face_470.jpg,15,1,-60,0
face_85.jpg,15,2,0,45
face_2528.jpg,15,2,30,-60
face_2470.jpg,15,2,-30,-75
face_1111.jpg,15,1,0,0
face_445.jpg,15,2,-30,-15
face_2631.jpg,15,1,-60,-60
face_2257.jpg,15,1,-30,-45
face_1979.jpg,15,1,60,75
face_2215.jpg,15,1,-15,60
face_2365.jpg,15,2,60,-15
face_781.jpg,15,2,-30,30
face_367.jpg,15,1,30,30
face_1435.jpg,15,1,0,-90
face_2089.jpg,15,2,0,-75
face_1987.jpg,15,1,-60,60
face_1536.jpg,15,2,-30,45
face_1639.jpg,15,1,30,45
face_2603.jpg,15,2,-60,-90
face_1286.jpg,15,1,-15,-75
face_1769.jpg,15,1,15,-60
face_1608.jpg,15,2,30,75
face_334.jpg,15,2,-15,-90
face_2619.jpg,15,2,-60,90
face_1104.jpg,15,1,90,0
face_1764.jpg,15,2,0,15
face_2298.jpg,15,2,15,15
face_1395.jpg,15,1,60,60
face_537.jpg,15,2,60,30
face_2317.jpg,15,1,30,90
face_324.jpg,15,2,15,-15
face_1296.jpg,15,2,0,30
face_122.jpg,15,1,15,-45
face_643.jpg,15,2,-15,0
face_1229.jpg,15,1,30,60
face_1035.jpg,15,2,-15,-60
face_711.jpg,15,2,15,-75
face_1120.jpg,15,1,-15,30
face_1012.jpg,15,2,-60,-75
face_356.jpg,15,2,0,90
face_1957.jpg,15,1,30,-15
face_785.jpg,15,2,15,45
face_117.jpg,15,2,-30,15
face_1977.jpg,15,1,15,90
face_701.jpg,15,1,-15,90
face_1343.jpg,15,1,15,-30
face_851.jpg,15,2,-60,15
face_870.jpg,15,2,30,-90